<?xml version="1.0"?>

<model-hints>
	<model name="com.liferay.curso.model.Bar">
		<field name="uuid" type="String" />
		<field name="barId" type="long" />
		<field name="groupId" type="long" />
		<field name="companyId" type="long" />
		<field name="userId" type="long" />
		<field name="userName" type="String" />
		<field name="createDate" type="Date" />
		<field name="modifiedDate" type="Date" />
		<field name="field1" type="String" />
		<field name="field2" type="boolean" />
		<field name="field3" type="int" />
		<field name="field4" type="Date" />
		<field name="field5" type="String" />
	</model>
	<model name="com.liferay.curso.model.Foo">
		<field name="uuid" type="String" />
		<field name="fooId" type="long" />
		<field name="groupId" type="long" />
		<field name="companyId" type="long" />
		<field name="userId" type="long" />
		<field name="userName" type="String" />
		<field name="createDate" type="Date" />
		<field name="modifiedDate" type="Date" />
		<field name="field1" type="String" />
		<field name="field2" type="boolean" />
		<field name="field3" type="int" />
		<field name="field4" type="Date" />
		<field name="field5" type="String" />
		<field name="barId" type="long" />
	</model>
</model-hints>