<?xml version="1.0" encoding="UTF-8"?>
<project xmlns="http://maven.apache.org/DECORATION/1.7.0"
	xmlns:xsi="http://www.w3.org/2001/XMLSchema-instance"
	xsi:schemaLocation="http://maven.apache.org/DECORATION/1.7.0
https://maven.apache.org/xsd/decoration-1.7.0.xsd ">

	<bannerLeft>
		<name>Project Name</name>
		<src>http://maven.apache.org/images/apache-maven-project-2.png</src>
		<href>http://maven.apache.org/</href>
	</bannerLeft>
	<bannerRight>
		<src>http://maven.apache.org/images/maven-logo-2.gif</src>
	</bannerRight>
	
	<publishDate position="right" />
	<version position="right" />
	<poweredBy>
		<logo name="Maven" href="http://maven.apache.org/"
			img="http://maven.apache.org/images/logos/maven-feather.png" />
	</poweredBy>
	<body>
		<links>
			<item name="Apache" href="http://www.apache.org" />
			<item name="Maven" href="http://maven.apache.org" />
		</links>
		<!-- otros enlaces -->
		<menu name="Overview">
			<item name="Foo" href="foo.html" />
			<item name="FAQ" href="faq.html" />
		</menu>
		<!-- Documentacion generada de forma automatica -->
		<menu ref="modules" />
		<menu ref="parent" />
		<menu ref="reports" />
		<breadcrumbs>
			<item name="Doxia" href="http://maven.apache.org/doxia/index.html" />
			<item name="Trunk" href="http://maven.apache.org/doxia/doxia/index.html" />
		</breadcrumbs>
	</body>
	<skin>
		<groupId>org.apache.maven.skins</groupId>
		<artifactId>maven-fluido-skin</artifactId>
		<version>1.5</version>
	</skin>
</project>