<?xml version="1.0" encoding="UTF-8"?>
<archetype-descriptor xsi:schemaLocation="http://maven.apache.org/plugins/maven-archetype-plugin/archetype-descriptor/1.0.0 http://maven.apache.org/xsd/archetype-descriptor-1.0.0.xsd" name="Ejemplo_Aplicacion_Web_No_Maven"
    xmlns="http://maven.apache.org/plugins/maven-archetype-plugin/archetype-descriptor/1.0.0"
    xmlns:xsi="http://www.w3.org/2001/XMLSchema-instance">
  <fileSets>
    <fileSet filtered="true" encoding="UTF-8">
      <directory>src/com</directory>
      <includes>
        <include>**/*.java</include>
      </includes>
    </fileSet>
    <fileSet filtered="true" encoding="UTF-8">
      <directory>.settings</directory>
      <includes>
        <include>**/*.xml</include>
      </includes>
    </fileSet>
    <fileSet encoding="UTF-8">
      <directory>build/classes</directory>
      <includes>
        <include>**/*.class</include>
      </includes>
    </fileSet>
    <fileSet encoding="UTF-8">
      <directory>WebContent/META-INF</directory>
      <includes>
        <include>**/*.MF</include>
      </includes>
    </fileSet>
    <fileSet encoding="UTF-8">
      <directory>.settings</directory>
      <includes>
        <include>**/*.container</include>
        <include>**/*.component</include>
        <include>**/*.name</include>
        <include>**/*.jsdtscope</include>
        <include>**/*.prefs</include>
      </includes>
    </fileSet>
    <fileSet filtered="true" encoding="UTF-8">
      <directory></directory>
      <includes>
        <include>.classpath</include>
        <include>.project</include>
      </includes>
    </fileSet>
  </fileSets>
</archetype-descriptor>
