<?xml version="1.0" encoding="UTF-8"?>
<beans xmlns="http://www.springframework.org/schema/beans"
	xmlns:xsi="http://www.w3.org/2001/XMLSchema-instance" xmlns:context="http://www.springframework.org/schema/context"
	xsi:schemaLocation="http://www.springframework.org/schema/beans http://www.springframework.org/schema/beans/spring-beans.xsd
		http://www.springframework.org/schema/context http://www.springframework.org/schema/context/spring-context-4.3.xsd">

	<bean
		class="com.atsistemas.applicationcontext.presentacion.controladores.Controlador">
		<constructor-arg name="servicio" ref="servicio"/>
		<property name="nombre" value="Mi Controlador"></property>
	</bean>
	
	<bean id="servicio" class="com.atsistemas.applicationcontext.core.servicios.ServicioBasico" 
	scope="prototype"/>
	
	<bean id="miDios" class="com.atsistemas.applicationcontext.core.entidades.Dios" factory-method="getInstance"/>
	
	<bean id="miAdan" class="java.lang.String" factory-bean="miDios" factory-method="crearHombres"></bean>
</beans> 
