<?xml version="1.0" encoding="UTF-8"?>
<arquillian xmlns="http://jboss.org/schema/arquillian"
			xmlns:xsi="http://www.w3.org/2001/XMLSchema-instance"
			xsi:schemaLocation="http://jboss.org/schema/arquillian http://jboss.org/schema/arquillian/arquillian_1_0.xsd">

		<extension qualifier="webdriver">
			<property name="browser">chrome</property>
			<property name="chrome.binary">C:\Program Files (x86)\Google\Chrome\Application\chrome.exe</property>
			<property name="chromeDriverBinary">D:\utilidades\Selenium\chromedriver\chromedriver-2.40.exe</property>
		</extension>
<!-- 
	<extension qualifier="webdriver">
		<property name="browser">phantomjs</property>
	</extension>
-->
	<extension qualifier="graphene">
		<property name="url">http://localhost:8080</property>
	</extension>

	<extension qualifier="jacoco">
		<property name="excludes">com.liferay.arquillian.test</property>
		<property name="includes">com.liferay.arquillian.sample.*</property>
	</extension>

	<engine>
		<property name="deploymentExportPath">build/deployments</property>
	</engine>
</arquillian>