<?xml version="1.0" encoding="UTF-8"?>
<beans xmlns="http://www.springframework.org/schema/beans"
	xmlns:xsi="http://www.w3.org/2001/XMLSchema-instance"
	xmlns:context="http://www.springframework.org/schema/context"
	xsi:schemaLocation="http://www.springframework.org/schema/beans http://www.springframework.org/schema/beans/spring-beans.xsd
		http://www.springframework.org/schema/context http://www.springframework.org/schema/context/spring-context-4.3.xsd">

	<import resource="classpath:ApplicationContext_Desarrollo.xml"/>
	<import resource="classpath:ApplicationContext_Produccion.xml"/>
	
	<context:component-scan base-package="com.atsistemas.propiedades.core.persistencia"/>
	
	<bean class="org.apache.commons.dbcp2.BasicDataSource">
		<property name="url" value="${database.url}"/>
		<property name="username" value="${database.user}"/>
		<property name="password" value="${database.password}"/>
	</bean>

</beans>
