<?xml version="1.0" encoding="UTF-8"?>
<data-sources>
	<data-source id="derby_server-15bf746a9b7-3749bd50ec095d2f" provider="generic" driver="derby_server" name="Derby - Disney" save-password="true" show-system-objects="true" read-only="false">
		<connection host="localhost" port="1527" server="" database="Disney" url="jdbc:derby://localhost:1527/Disney;create=true" user="admin" password="EgALKU8jpQ==" type="dev">
			<network-handler type="PROXY" id="socks_proxy" enabled="false" save-password="false">
				<property name="socks-port" value="1080"/>
			</network-handler>
			<network-handler type="TUNNEL" id="ssh_tunnel" enabled="false" save-password="false">
				<property name="sshConnectTimeout" value="10000"/>
				<property name="port" value="22"/>
				<property name="authType" value="PASSWORD"/>
			</network-handler>
		</connection>
	</data-source>
</data-sources>