<?xml version="1.0"?>
<!DOCTYPE service-builder PUBLIC "-//Liferay//DTD Service Builder 7.0.0//EN" "http://www.liferay.com/dtd/liferay-service-builder_7_0_0.dtd">

<service-builder auto-namespace-tables="true"
		 package-path="com.liferay.docs.guestbook">
	<author>liferay</author>
	<namespace>GB</namespace>
	<entity local-service="true" remote-service="true" name="Guestbook" uuid="true">

		<!-- PK fields -->

		<column name="guestbookId" primary="true" type="long" />

		<!-- Group instance -->

		<column name="groupId" type="long" />

		<!-- Audit fields -->

		<column name="companyId" type="long" />
		<column name="userId" type="long" />
		<column name="userName" type="String" />
		<column name="createDate" type="Date" />
		<column name="modifiedDate" type="Date" />
		
		<!-- Status fields -->

		<column name="status" type="int" />
		<column name="statusByUserId" type="long" />
		<column name="statusByUserName" type="String" />
		<column name="statusDate" type="Date" />
		

		<!-- Other fields -->

		<column name="name" type="String" />

		<finder name="GroupId" return-type="Collection">
			<finder-column name="groupId" />
		</finder>

		<finder name="Status" return-type="Collection">
			<finder-column name="status" />
		</finder>

		<finder name="G_S" return-type="Collection">
			<finder-column name="groupId" />
			<finder-column name="status" />
		</finder>
		
		<reference package-path="com.liferay.portlet.asset" entity="AssetEntry" />
		<reference package-path="com.liferay.portlet.asset" entity="AssetLink" />
		<reference entity="WorkflowInstanceLink" package-path="com.liferay.portal" />
		

	</entity>

	<entity local-service="true" remote-service="true" name="Entry" uuid="true">

		<column name="entryId" primary="true" type="long" />

		<column name="groupId" type="long" />

		<column name="companyId" type="long" />
		<column name="userId" type="long" />
		<column name="userName" type="String" />
		<column name="createDate" type="Date" />
		<column name="modifiedDate" type="Date" />

		<!-- Status fields -->

		<column name="status" type="int" />
		<column name="statusByUserId" type="long" />
		<column name="statusByUserName" type="String" />
		<column name="statusDate" type="Date" />

		<column name="name" type="String" />
		<column name="email" type="String" />
		<column name="message" type="String" />
		<column name="guestbookId" type="long" />

		<finder name="G_G" return-type="Collection">
			<finder-column name="groupId" />
			<finder-column name="guestbookId" />
		</finder>

		<finder name="Status" return-type="Collection">
			<finder-column name="status" />
		</finder>

		<finder name="G_G_S" return-type="Collection">
			<finder-column name="groupId" />
			<finder-column name="guestbookId" />
			<finder-column name="status" />
		</finder>

		<reference package-path="com.liferay.portlet.asset" entity="AssetEntry" />
		<reference package-path="com.liferay.portlet.asset" entity="AssetLink" />
		<reference entity="WorkflowInstanceLink" package-path="com.liferay.portal" />
		

	</entity>

	<exceptions>
		<exception>EntryEmail</exception>
		<exception>EntryMessage</exception>
		<exception>EntryName</exception>
		<exception>GuestbookName</exception>
	</exceptions>

</service-builder>