<?xml version="1.0" encoding="UTF-8"?>
<beans xmlns="http://www.springframework.org/schema/beans"
	xmlns:xsi="http://www.w3.org/2001/XMLSchema-instance"
	xmlns:context="http://www.springframework.org/schema/context"
	xmlns:jee="http://www.springframework.org/schema/jee"
	xsi:schemaLocation="http://www.springframework.org/schema/jee http://www.springframework.org/schema/jee/spring-jee-4.3.xsd
		http://www.springframework.org/schema/beans http://www.springframework.org/schema/beans/spring-beans.xsd
		http://www.springframework.org/schema/context http://www.springframework.org/schema/context/spring-context-4.3.xsd"
		
		
		
		profile="desarrollo">

	<context:property-placeholder location="classpath:config/db.properties"/>

	<bean class="org.apache.commons.dbcp.BasicDataSource">
		<property name="driverClassName" value="${db.driver}"></property>
		<property name="username" value="${db.user}"></property>
		<property name="password" value="${db.password}"></property>
	</bean>

</beans>
