<?xml version="1.0" encoding="UTF-8"?>
<data-sources>
	<data-source id="derby_server-15fba005b55-4d07bf7f14613f39" provider="generic" driver="derby_server" name="Derby - Microservicios" save-password="true" show-system-objects="true" read-only="false">
		<connection host="localhost" port="1527" server="" database="Microservicios" url="jdbc:derby://localhost:1527/Microservicios;create=true" user="root" password="AQsJNCGi" type="dev">
			<network-handler type="TUNNEL" id="ssh_tunnel" enabled="false" save-password="false">
				<property name="sshConnectTimeout" value="10000"/>
				<property name="port" value="22"/>
				<property name="authType" value="PASSWORD"/>
			</network-handler>
			<network-handler type="PROXY" id="socks_proxy" enabled="false" save-password="false">
				<property name="socks-port" value="1080"/>
			</network-handler>
		</connection>
	</data-source>
	<filters/>
</data-sources>